﻿<?xml version="1.0" encoding="utf-8"?>
<resources>
  <!--Get colors from: http://www.materialpalette.com/-->
  <color name="primary">#03A9F4</color>
  <color name="primaryDark">#0288D1</color>
  <color name="accent">#FFC107</color>
  <color name="lightPrimary">#B3E5FC</color>
  <color name="textIcon">#FFFFFF</color>
  <color name="primaryText">#212121</color>
  <color name="secondaryText">#727272</color>
  <color name="divider">#B6B6B6</color>
  <color name="activated_color">#E8E8E8</color>
</resources>